{
  "version": 2,
  "isFrozen": false,
  "kitLastUsedTime": {
    "basekit": 1568855327
  },
  "invulnerable": false,
  "fly": false,
  "lastKnownName": "Elegro",
  "lastLogin": 1568865953825,
  "lastLogout": 1568865968876,
  "lastIP": "/69.5.129.193",
  "firstJoin": 1568855327694,
  "startedFirstJoin": false,
  "jailOnNextLogin": false,
  "vanish": false,
  "warnings": [],
  "mail": [],
  "notes": [],
  "lastLocation": {
    "x": 28.72382030637758,
    "y": 69.0,
    "z": 543.8320053188005,
    "rotx": 0.0,
    "roty": 0.0,
    "rotz": 0.0,
    "world": "9166eeb4-4b74-42e4-ad43-dbc0940393b0"
  }
}
