{
  "version": 2,
  "lastKnownName": "Nobody196",
  "lastLogin": 1568847562445,
  "lastLogout": 1568846177193,
  "lastIP": "/188.141.103.40",
  "firstJoin": 1568845373691,
  "startedFirstJoin": false,
  "invulnerable": false,
  "vanish": false,
  "fly": false,
  "isFrozen": false,
  "jailOnNextLogin": false,
  "lastLocation": {
    "x": -0.3000000119209282,
    "y": 70.0,
    "z": -1.1414675592718935,
    "rotx": 0.0,
    "roty": 0.0,
    "rotz": 0.0,
    "world": "9166eeb4-4b74-42e4-ad43-dbc0940393b0"
  },
  "mail": [],
  "ignoreList": [],
  "warnings": [],
  "notes": []
}
