{
  "version": 2,
  "lastKnownName": "Ralph_Holiday",
  "lastLogin": 1568949106049,
  "lastLogout": 1568952519402,
  "lastIP": "/70.127.103.223",
  "firstJoin": 1568842857418,
  "startedFirstJoin": false,
  "invulnerable": false,
  "vanish": false,
  "fly": false,
  "isFrozen": false,
  "jailOnNextLogin": false,
  "lastLocation": {
    "x": -2289.4895945093385,
    "y": 60.7689279964981,
    "z": 2083.588235374295,
    "rotx": 0.0,
    "roty": 0.0,
    "rotz": 0.0,
    "world": "9166eeb4-4b74-42e4-ad43-dbc0940393b0"
  },
  "homes": {
    "home": {
      "x": -2265.471614377416,
      "y": 66.5,
      "z": 2059.3366553737274,
      "rotx": 8.101499557495117,
      "roty": -95.4300537109375,
      "rotz": 0,
      "world": "9166eeb4-4b74-42e4-ad43-dbc0940393b0"
    }
  },
  "mail": [],
  "ignoreList": [],
  "notes": [],
  "warnings": [],
  "powertools": {}
}
