{
  "version": 2,
  "mail": [],
  "ignoreList": [],
  "invulnerable": false,
  "warnings": [],
  "kitLastUsedTime": {
    "basekit": 1568930482
  },
  "fly": false,
  "jailOnNextLogin": false,
  "homes": {
    "home": {
      "x": -4579.300000011921,
      "y": 90.0,
      "z": -794.7415539926151,
      "rotx": 19.80006217956543,
      "roty": 37.950927734375,
      "rotz": 0.0,
      "world": "9166eeb4-4b74-42e4-ad43-dbc0940393b0"
    }
  },
  "lastKnownName": "Snifel04",
  "lastLogin": 1568930482387,
  "lastLogout": 1568933680362,
  "lastIP": "/89.46.13.46",
  "firstJoin": 1568930482387,
  "startedFirstJoin": false,
  "isFrozen": false,
  "notes": [],
  "vanish": false,
  "lastLocation": {
    "x": -4624.699999988079,
    "y": 79.0,
    "z": -737.6999999880791,
    "rotx": 0.0,
    "roty": 0.0,
    "rotz": 0.0,
    "world": "9166eeb4-4b74-42e4-ad43-dbc0940393b0"
  }
}
