{
  "version": 2,
  "mail": [],
  "ignoreList": [],
  "invulnerable": false,
  "warnings": [],
  "kitLastUsedTime": {
    "basekit": 1568930293
  },
  "fly": false,
  "jailOnNextLogin": false,
  "lastKnownName": "Arissa2003",
  "lastLogin": 1568932378712,
  "lastLogout": 1568932390956,
  "lastIP": "/74.215.196.118",
  "firstJoin": 1568930293413,
  "startedFirstJoin": false,
  "isFrozen": false,
  "notes": [],
  "vanish": false,
  "lastLocation": {
    "x": -344.97243159652936,
    "y": 64.0,
    "z": 285.54063423145516,
    "rotx": 0.0,
    "roty": 0.0,
    "rotz": 0.0,
    "world": "9166eeb4-4b74-42e4-ad43-dbc0940393b0"
  }
}
