{
  "version": 2,
  "jailOnNextLogin": false,
  "vanish": false,
  "lastKnownName": "whitefire321",
  "lastLogin": 1568849768348,
  "lastLogout": 1568850901361,
  "lastIP": "/160.2.237.101",
  "firstJoin": 1568848524076,
  "startedFirstJoin": false,
  "fly": false,
  "invulnerable": false,
  "isFrozen": false,
  "notes": [],
  "warnings": [],
  "mail": [],
  "ignoreList": [],
  "lastLocation": {
    "x": -3529.2896393590527,
    "y": 104.0,
    "z": 3686.429884328147,
    "rotx": 0.0,
    "roty": 0.0,
    "rotz": 0.0,
    "world": "9166eeb4-4b74-42e4-ad43-dbc0940393b0"
  }
}
