{
  "version": 2,
  "mail": [],
  "kitLastUsedTime": {
    "basekit": 1568958240
  },
  "invulnerable": false,
  "ignoreList": [],
  "warnings": [],
  "lastKnownName": "_Akechi_",
  "lastLogin": 1568958240116,
  "lastLogout": 0,
  "lastIP": "/174.100.11.15",
  "firstJoin": 1568958240116,
  "startedFirstJoin": false,
  "jailOnNextLogin": false,
  "isFrozen": false,
  "fly": false,
  "notes": [],
  "vanish": false,
  "homes": {
    "home": {
      "x": -230.6470519643639,
      "y": 64.0,
      "z": 66.59153646152609,
      "rotx": 34.05000686645508,
      "roty": 82.12841796875,
      "rotz": 0.0,
      "world": "9166eeb4-4b74-42e4-ad43-dbc0940393b0"
    }
  }
}
