{
  "version": 2,
  "fly": false,
  "kitLastUsedTime": {
    "basekit": 1568856052
  },
  "lastLocation": {
    "x": -333.05588952355447,
    "y": 67.0,
    "z": 308.69999998807907,
    "rotx": 0.0,
    "roty": 0.0,
    "rotz": 0.0,
    "world": "9166eeb4-4b74-42e4-ad43-dbc0940393b0"
  },
  "lastLogin": 1568956707657,
  "lastLogout": 1568958143231,
  "lastIP": "/69.125.238.7",
  "firstJoin": 1568856052385,
  "startedFirstJoin": false,
  "vanish": false,
  "jailOnNextLogin": false,
  "invulnerable": false,
  "lastKnownName": "tiddieboy",
  "isFrozen": false,
  "mail": [],
  "notes": [],
  "ignoreList": [],
  "warnings": [],
  "homes": {
    "home": {
      "x": -300.30000001192093,
      "y": 63.0,
      "z": 69.12616691438416,
      "rotx": 31.65004539489746,
      "roty": 354.0882568359375,
      "rotz": 0.0,
      "world": "9166eeb4-4b74-42e4-ad43-dbc0940393b0"
    }
  }
}
