{
  "version": 2,
  "lastKnownName": "pyris",
  "lastLogin": 1568887050061,
  "lastLogout": 1568887065738,
  "lastIP": "/50.98.214.202",
  "firstJoin": 1568864013613,
  "startedFirstJoin": false,
  "invulnerable": false,
  "jailOnNextLogin": false,
  "fly": false,
  "vanish": false,
  "kitLastUsedTime": {
    "basekit": 1568864013
  },
  "isFrozen": false,
  "lastLocation": {
    "x": -6232.895627573212,
    "y": 74.0,
    "z": 11485.847024649653,
    "rotx": 0.0,
    "roty": 0.0,
    "rotz": 0.0,
    "world": "9166eeb4-4b74-42e4-ad43-dbc0940393b0"
  },
  "homes": {
    "home": {
      "x": -6225.821040922896,
      "y": 74,
      "z": 11484.481465969933,
      "rotx": 17.100000381469727,
      "roty": 164.09591674804688,
      "rotz": 0,
      "world": "9166eeb4-4b74-42e4-ad43-dbc0940393b0"
    }
  },
  "mail": [],
  "warnings": [],
  "notes": []
}
