{
  "version": 2,
  "lastKnownName": "nR_YungDagger",
  "lastLogin": 1568875178281,
  "lastLogout": 1568886055798,
  "lastIP": "/98.242.23.54",
  "firstJoin": 1568843275462,
  "startedFirstJoin": false,
  "invulnerable": false,
  "vanish": false,
  "fly": false,
  "isFrozen": false,
  "jailOnNextLogin": false,
  "lastLocation": {
    "x": 3847.8547071249845,
    "y": 69.16610931183763,
    "z": -3465.7941866115493,
    "rotx": 0.0,
    "roty": 0.0,
    "rotz": 0.0,
    "world": "9166eeb4-4b74-42e4-ad43-dbc0940393b0"
  },
  "homes": {
    "home": {
      "x": 3844.589227061961,
      "y": 68.0,
      "z": -3452.566195387068,
      "rotx": 7.04990816116333,
      "roty": -178.2081298828125,
      "rotz": 0.0,
      "world": "9166eeb4-4b74-42e4-ad43-dbc0940393b0"
    }
  },
  "notes": [],
  "warnings": [],
  "ignoreList": [],
  "mail": []
}
