{
  "version": 2,
  "mail": [],
  "kitLastUsedTime": {
    "basekit": 1568939123
  },
  "invulnerable": false,
  "ignoreList": [],
  "warnings": [],
  "lastKnownName": "JoshTh3PandaMage",
  "lastLogin": 1568939123700,
  "lastLogout": 1568939467230,
  "lastIP": "/129.186.253.75",
  "firstJoin": 1568939123700,
  "startedFirstJoin": false,
  "jailOnNextLogin": false,
  "isFrozen": false,
  "fly": false,
  "notes": [],
  "vanish": false,
  "lastLocation": {
    "x": 3842.6868667506546,
    "y": 84.0,
    "z": 1903.0766174140072,
    "rotx": 0.0,
    "roty": 0.0,
    "rotz": 0.0,
    "world": "9166eeb4-4b74-42e4-ad43-dbc0940393b0"
  },
  "homes": {
    "home": {
      "x": 3969.1460730901504,
      "y": 64.0,
      "z": 1927.6476733172767,
      "rotx": 52.80714797973633,
      "roty": -182.38079833984375,
      "rotz": 0.0,
      "world": "9166eeb4-4b74-42e4-ad43-dbc0940393b0"
    }
  }
}
